ECN;CreditLimitCurrency;IssuingBank;Trans_ID;Date_Time;Requested_Date;Activation_Date;Authorisation_Date;Settlement_Date;Expiry_Date;VAN_Currency;VAN_Amt;Auth_Amt;Net_Settled;Refund_Amt;Available_Balance;CreditAmount;DebitAmount;Balance;Auth_Count;Activity;Details;Status;VAN_MODE;UserReference1;UserReference2;UserReference3;UserReference4;Merchant;CardType;IntegratorName;UserReference5;UserReference6;UserReference7;UserReference8; 
aviacenter#aviacenter,RUB,TripLink,3929355596,20210330,20210330,20210330,20210330,20210330,20210330,RUB,6814.00,6814.00,0,0,0,0,6814.00,6814.00,2,VAN Issued,Authorization Approval (Purchase),success,Virtual Card,WB2RJA,125351198179,MYAT,,Airlaine,Multiuse,international,,,,
aviacenter#aviacenter,RUB,TripLink,2508066977,20210331,20210331,20210331,20210331,20210331,20210331,RUB,41566.00,41566.00,0,0,0,0,41566.00,41566.00,2,VAN Issued,Authorization Approval (Purchase),success,Virtual Card,G355FX,125351198386,MYAT,,Airlaine,Multiuse,international,,,,
aviacenter#aviacenter,RUB,TripLink,4941266435,20210331,20210331,20210331,20210331,20210331,20210331,RUB,41566.00,41566.00,0,0,0,0,41566.00,41566.00,2,VAN Issued,Authorization Approval (Purchase),success,Virtual Card,G355FX,125351198386,MYAT,,Airlaine,Multiuse,international,,,,
aviacenter#aviacenter,RUB,TripLink,8696099865,20210401,20210401,20210401,20210401,20210401,20210401,RUB,5968.00,5968.00,0,0,0,0,5968.00,5968.00,2,VAN Issued,Authorization Approval (Purchase),success,Virtual Card,GSHRBF,125351200547,MYA1,,Airlaine,Multiuse,international,,,,
aviacenter#aviacenter,RUB,TripLink,8170585878,20210331,20210331,20210331,20210331,20210331,20210331,RUB,9503.00,9503.00,0,0,0,0,9503.00,9503.00,2,VAN Issued,Authorization Approval (Purchase),success,Virtual Card,GMWV0P,125172185930,AKV4,,Airlaine,Multiuse,international,,,,
aviacenter#aviacenter,RUB,TripLink,9588622466,20210401,20210401,20210401,20210401,20210401,20210401,RUB,16748.00,16748.00,0,0,0,0,16748.00,16748.00,2,VAN Issued,Authorization Approval (Purchase),success,Virtual Card,J1P1DV,125351202365,MYA1,,Airlaine,Multiuse,international,,,,
aviacenter#aviacenter,RUB,TripLink,8808398759,20210401,20210401,20210401,20210401,20210401,20210401,RUB,113140.00,113140.00,0,0,0,0,113140.00,113140.00,2,VAN Issued,Authorization Approval (Purchase),success,Virtual Card,HN0SF3,125351202037,MYA1,,Airlaine,Multiuse,international,,,,
aviacenter#aviacenter,RUB,TripLink,3677776085,20210401,20210401,20210401,20210401,20210401,20210401,RUB,113140.00,113140.00,0,0,0,0,113140.00,113140.00,2,VAN Issued,Authorization Approval (Purchase),success,Virtual Card,HN0SF3,125351202037,MYA1,,Airlaine,Multiuse,international,,,,
aviacenter#aviacenter,RUB,TripLink,416365076,20210401,20210401,20210401,20210401,20210401,20210401,RUB,13997.00,13997.00,0,0,0,0,13997.00,13997.00,2,VAN Issued,Authorization Approval (Purchase),success,Virtual Card,J2CG83,125172188137,AKV4,,Airlaine,Multiuse,international,,,,
aviacenter#aviacenter,RUB,TripLink,6517862920,20210401,20210401,20210401,20210401,20210401,20210401,RUB,18420.00,18420.00,0,0,0,0,18420.00,18420.00,2,VAN Issued,Authorization Approval (Purchase),success,Virtual Card,HPH8QH,125351202309,MYA1,,Airlaine,Multiuse,international,,,,
aviacenter#aviacenter,RUB,TripLink,1256990714,20210401,20210401,20210401,20210401,20210401,20210401,RUB,18420.00,18420.00,0,0,0,0,18420.00,18420.00,2,VAN Issued,Authorization Approval (Purchase),success,Virtual Card,HPH8QH,125351202309,MYA1,,Airlaine,Multiuse,international,,,,
aviacenter#aviacenter,RUB,TripLink,7345854028,20210331,20210331,20210331,20210331,20210331,20210331,RUB,33620.00,33620.00,0,0,0,0,33620.00,33620.00,2,VAN Issued,Authorization Approval (Purchase),success,Virtual Card,VMKT30,125351196296,MYA1,,Airlaine,Multiuse,international,,,,
aviacenter#aviacenter,RUB,TripLink,4052623498,20210331,20210331,20210331,20210331,20210331,20210331,RUB,33620.00,33620.00,0,0,0,0,33620.00,33620.00,2,VAN Issued,Authorization Approval (Purchase),success,Virtual Card,VMKT30,125351196296,MYA1,,Airlaine,Multiuse,international,,,,
aviacenter#aviacenter,RUB,TripLink,7753181370,20210331,20210331,20210331,20210331,20210331,20210331,RUB,33620.00,33620.00,0,0,0,0,33620.00,33620.00,2,VAN Issued,Authorization Approval (Purchase),success,Virtual Card,VMKT30,125351196296,MYA1,,Airlaine,Multiuse,international,,,,
aviacenter#aviacenter,RUB,TripLink,9203009632,20210331,20210331,20210331,20210331,20210331,20210331,RUB,31418.00,31418.00,0,0,0,0,31418.00,31418.00,2,VAN Issued,Authorization Approval (Purchase),success,Virtual Card,GN4BWR,125172185736,AKV4,,Airlaine,Multiuse,international,,,,
aviacenter#aviacenter,RUB,TripLink,130418403,20210401,20210401,20210401,20210401,20210401,20210401,RUB,14581.00,14581.00,0,0,0,0,14581.00,14581.00,2,VAN Issued,Authorization Approval (Purchase),success,Virtual Card,ZG1KFU,125172187202,AKV4,,Airlaine,Multiuse,international,,,,
aviacenter#aviacenter,RUB,TripLink,6891786065,20210330,20210330,20210330,20210330,20210330,20210330,RUB,7159.00,7159.00,0,0,0,0,7159.00,7159.00,2,VAN Issued,Authorization Approval (Purchase),success,Virtual Card,FP3MC9,125351197990,MYA1,,Airlaine,Multiuse,international,,,,
aviacenter#aviacenter,RUB,TripLink,741653635,20210401,20210401,20210401,20210401,20210401,20210401,RUB,187816.00,187816.00,0,0,0,0,187816.00,187816.00,2,VAN Issued,Authorization Approval (Purchase),success,Virtual Card,HSCSXB,125351202736,MYA1,,Airlaine,Multiuse,international,,,,
aviacenter#aviacenter,RUB,TripLink,4479138407,20210401,20210401,20210401,20210401,20210401,20210401,RUB,187816.00,187816.00,0,0,0,0,187816.00,187816.00,2,VAN Issued,Authorization Approval (Purchase),success,Virtual Card,HSCSXB,125351202736,MYA1,,Airlaine,Multiuse,international,,,,
aviacenter#aviacenter,RUB,TripLink,7525587405,20210331,20210331,20210331,20210331,20210331,20210331,RUB,9928.00,9928.00,0,0,0,0,9928.00,9928.00,2,VAN Issued,Authorization Approval (Purchase),success,Virtual Card,GNCRR5,125351199898,MYAT,,Airlaine,Multiuse,international,,,,
aviacenter#aviacenter,RUB,TripLink,9899941213,20210401,20210401,20210401,20210401,20210401,20210401,RUB,92792.00,92792.00,0,0,0,0,92792.00,92792.00,2,VAN Issued,Authorization Approval (Purchase),success,Virtual Card,J1NFST,125172188077,AKV4,,Airlaine,Multiuse,international,,,,
aviacenter#aviacenter,RUB,TripLink,991671988,20210401,20210401,20210401,20210401,20210401,20210401,RUB,92792.00,92792.00,0,0,0,0,92792.00,92792.00,2,VAN Issued,Authorization Approval (Purchase),success,Virtual Card,J1NFST,125172188077,AKV4,,Airlaine,Multiuse,international,,,,
aviacenter#aviacenter,RUB,TripLink,7548782250,20210401,20210401,20210401,20210401,20210401,20210401,RUB,92792.00,92792.00,0,0,0,0,92792.00,92792.00,2,VAN Issued,Authorization Approval (Purchase),success,Virtual Card,J1NFST,125172188077,AKV4,,Airlaine,Multiuse,international,,,,
aviacenter#aviacenter,RUB,TripLink,5936269509,20210401,20210401,20210401,20210401,20210401,20210401,RUB,92792.00,92792.00,0,0,0,0,92792.00,92792.00,2,VAN Issued,Authorization Approval (Purchase),success,Virtual Card,J1NFST,125172188077,AKV4,,Airlaine,Multiuse,international,,,,
aviacenter#aviacenter,RUB,TripLink,1295434398,20210401,20210401,20210401,20210401,20210401,20210401,RUB,45307.00,45307.00,0,0,0,0,45307.00,45307.00,2,VAN Issued,Authorization Approval (Purchase),success,Virtual Card,HK822R,12518606909,AKV4,,Airlaine,Multiuse,international,,,,
aviacenter#aviacenter,RUB,TripLink,8031399660,20210331,20210331,20210331,20210331,20210331,20210331,RUB,29566.00,29566.00,0,0,0,0,29566.00,29566.00,2,VAN Issued,Authorization Approval (Purchase),success,Virtual Card,GPF07N,12518606130,AKV4,,Airlaine,Multiuse,international,,,,
aviacenter#aviacenter,RUB,TripLink,6760472039,20210331,20210331,20210331,20210331,20210331,20210331,RUB,90016.00,90016.00,0,0,0,0,90016.00,90016.00,2,VAN Issued,Authorization Approval (Purchase),success,Virtual Card,VWSR1E,125351197054,MYA1,,Airlaine,Multiuse,international,,,,
aviacenter#aviacenter,RUB,TripLink,6321544750,20210331,20210331,20210331,20210331,20210331,20210331,RUB,90016.00,90016.00,0,0,0,0,90016.00,90016.00,2,VAN Issued,Authorization Approval (Purchase),success,Virtual Card,VWSR1E,125351197054,MYA1,,Airlaine,Multiuse,international,,,,
aviacenter#aviacenter,RUB,TripLink,2197766554,20210331,20210331,20210331,20210331,20210331,20210331,RUB,79962.00,79962.00,0,0,0,0,79962.00,79962.00,2,VAN Issued,Authorization Approval (Purchase),success,Virtual Card,GTCSMX,125172186460,AKV4,,Airlaine,Multiuse,international,,,,
aviacenter#aviacenter,RUB,TripLink,1045612958,20210331,20210331,20210331,20210331,20210331,20210331,RUB,79962.00,79962.00,0,0,0,0,79962.00,79962.00,2,VAN Issued,Authorization Approval (Purchase),success,Virtual Card,GTCSMX,125172186460,AKV4,,Airlaine,Multiuse,international,,,,
aviacenter#aviacenter,RUB,TripLink,5980343995,20210401,20210401,20210401,20210401,20210401,20210401,RUB,71092.00,71092.00,0,0,0,0,71092.00,71092.00,2,VAN Issued,Authorization Approval (Purchase),success,Virtual Card,GT0WF3,125351200503,MYA1,,Airlaine,Multiuse,international,,,,
aviacenter#aviacenter,RUB,TripLink,4796568452,20210401,20210401,20210401,20210401,20210401,20210401,RUB,71092.00,71092.00,0,0,0,0,71092.00,71092.00,2,VAN Issued,Authorization Approval (Purchase),success,Virtual Card,GT0WF3,125351200503,MYA1,,Airlaine,Multiuse,international,,,,
aviacenter#aviacenter,RUB,TripLink,8369944661,20210401,20210401,20210401,20210401,20210401,20210401,RUB,15786.00,15786.00,0,0,0,0,15786.00,15786.00,2,VAN Issued,Authorization Approval (Purchase),success,Virtual Card,GK8VF1,125351199421,MYA1,,Airlaine,Multiuse,international,,,,
aviacenter#aviacenter,RUB,TripLink,5038539676,20210401,20210401,20210401,20210401,20210401,20210401,RUB,65678.00,65678.00,0,0,0,0,65678.00,65678.00,2,VAN Issued,Authorization Approval (Purchase),success,Virtual Card,JBNP5X,125172188717,AKV4,,Airlaine,Multiuse,international,,,,
aviacenter#aviacenter,RUB,TripLink,4398515754,20210401,20210401,20210401,20210401,20210401,20210401,RUB,65678.00,65678.00,0,0,0,0,65678.00,65678.00,2,VAN Issued,Authorization Approval (Purchase),success,Virtual Card,JBNP5X,125172188717,AKV4,,Airlaine,Multiuse,international,,,,
aviacenter#aviacenter,RUB,TripLink,3588922416,20210401,20210401,20210401,20210401,20210401,20210401,RUB,35308.00,35308.00,0,0,0,0,35308.00,35308.00,2,VAN Issued,Authorization Approval (Purchase),success,Virtual Card,ZPHKT6,125351201409,MYA1,,Airlaine,Multiuse,international,,,,
aviacenter#aviacenter,RUB,TripLink,3961350549,20210401,20210401,20210401,20210401,20210401,20210401,RUB,35308.00,35308.00,0,0,0,0,35308.00,35308.00,2,VAN Issued,Authorization Approval (Purchase),success,Virtual Card,ZPHKT6,125351201409,MYA1,,Airlaine,Multiuse,international,,,,
aviacenter#aviacenter,RUB,TripLink,1044164528,20210330,20210330,20210330,20210330,20210330,20210330,RUB,28638.00,28638.00,0,0,0,0,28638.00,28638.00,2,VAN Issued,Authorization Approval (Purchase),success,Virtual Card,W8FV34,12518605437,AKV4,,Airlaine,Multiuse,international,,,,
aviacenter#aviacenter,RUB,TripLink,4922186562,20210331,20210331,20210331,20210331,20210331,20210331,RUB,216705.00,216705.00,0,0,0,0,216705.00,216705.00,2,VAN Issued,Authorization Approval (Purchase),success,Virtual Card,VXLQQ4,125351197307,MYAT,,Airlaine,Multiuse,international,,,,
aviacenter#aviacenter,RUB,TripLink,3589980459,20210331,20210331,20210331,20210331,20210331,20210331,RUB,216705.00,216705.00,0,0,0,0,216705.00,216705.00,2,VAN Issued,Authorization Approval (Purchase),success,Virtual Card,VXLQQ4,125351197307,MYAT,,Airlaine,Multiuse,international,,,,
aviacenter#aviacenter,RUB,TripLink,8583969836,20210331,20210331,20210331,20210331,20210331,20210331,RUB,216705.00,216705.00,0,0,0,0,216705.00,216705.00,2,VAN Issued,Authorization Approval (Purchase),success,Virtual Card,VXLQQ4,125351197307,MYAT,,Airlaine,Multiuse,international,,,,
aviacenter#aviacenter,RUB,TripLink,9977138598,20210331,20210331,20210331,20210331,20210331,20210331,RUB,216705.00,216705.00,0,0,0,0,216705.00,216705.00,2,VAN Issued,Authorization Approval (Purchase),success,Virtual Card,VXLQQ4,125351197307,MYAT,,Airlaine,Multiuse,international,,,,
aviacenter#aviacenter,RUB,TripLink,4597011,20210331,20210331,20210331,20210331,20210331,20210331,RUB,216705.00,216705.00,0,0,0,0,216705.00,216705.00,2,VAN Issued,Authorization Approval (Purchase),success,Virtual Card,VXLQQ4,125351197307,MYAT,,Airlaine,Multiuse,international,,,,
aviacenter#aviacenter,RUB,TripLink,8778410579,20210331,20210331,20210331,20210331,20210331,20210331,RUB,90736.00,90736.00,0,0,0,0,90736.00,90736.00,2,VAN Issued,Authorization Approval (Purchase),success,Virtual Card,GVTSSD,125172186659,AKV4,,Airlaine,Multiuse,international,,,,
aviacenter#aviacenter,RUB,TripLink,8136176154,20210331,20210331,20210331,20210331,20210331,20210331,RUB,90736.00,90736.00,0,0,0,0,90736.00,90736.00,2,VAN Issued,Authorization Approval (Purchase),success,Virtual Card,GVTSSD,125172186659,AKV4,,Airlaine,Multiuse,international,,,,
aviacenter#aviacenter,RUB,TripLink,4359165214,20210331,20210331,20210331,20210331,20210331,20210331,RUB,90736.00,90736.00,0,0,0,0,90736.00,90736.00,2,VAN Issued,Authorization Approval (Purchase),success,Virtual Card,GVTSSD,125172186659,AKV4,,Airlaine,Multiuse,international,,,,
aviacenter#aviacenter,RUB,TripLink,6034596456,20210331,20210331,20210331,20210331,20210331,20210331,RUB,90736.00,90736.00,0,0,0,0,90736.00,90736.00,2,VAN Issued,Authorization Approval (Purchase),success,Virtual Card,GVTSSD,125172186659,AKV4,,Airlaine,Multiuse,international,,,,
aviacenter#aviacenter,RUB,TripLink,5265592380,20210331,20210331,20210331,20210331,20210331,20210331,RUB,39411.00,39411.00,0,0,0,0,39411.00,39411.00,2,VAN Issued,Authorization Approval (Purchase),success,Virtual Card,WV962U,125172184858,AKV4,,Airlaine,Multiuse,international,,,,
aviacenter#aviacenter,RUB,TripLink,6105977153,20210401,20210401,20210401,20210401,20210401,20210401,RUB,40126.00,40126.00,0,0,0,0,40126.00,40126.00,2,VAN Issued,Authorization Approval (Purchase),success,Virtual Card,ZT4WVY,12518606921,AKV4,,Airlaine,Multiuse,international,,,,
aviacenter#aviacenter,RUB,TripLink,4698957937,20210331,20210331,20210331,20210331,20210331,20210331,RUB,8335.00,8335.00,0,0,0,0,8335.00,8335.00,2,VAN Issued,Authorization Approval (Purchase),success,Virtual Card,T7F4SM,125351193830,MYA1,,Airlaine,Multiuse,international,,,,
aviacenter#aviacenter,RUB,TripLink,9203643423,20210331,20210331,20210331,20210331,20210331,20210331,RUB,14629.00,14629.00,0,0,0,0,14629.00,14629.00,2,VAN Issued,Authorization Approval (Purchase),success,Virtual Card,XM7K7K,125351200071,MYA1,,Airlaine,Multiuse,international,,,,
aviacenter#aviacenter,RUB,TripLink,2872783032,20210331,20210331,20210331,20210331,20210331,20210331,RUB,9211.00,9211.00,0,0,0,0,9211.00,9211.00,2,VAN Issued,Authorization Approval (Purchase),success,Virtual Card,GXG14P,125172186892,AKV4,,Airlaine,Multiuse,international,,,,
aviacenter#aviacenter,RUB,TripLink,7704921032,20210401,20210401,20210401,20210401,20210401,20210401,RUB,22378.00,22378.00,0,0,0,0,22378.00,22378.00,2,VAN Issued,Authorization Approval (Purchase),success,Virtual Card,J64NTV,125172188399,AKV4,,Airlaine,Multiuse,international,,,,
aviacenter#aviacenter,RUB,TripLink,9048659290,20210401,20210401,20210401,20210401,20210401,20210401,RUB,113619.00,113619.00,0,0,0,0,113619.00,113619.00,2,VAN Issued,Authorization Approval (Purchase),success,Virtual Card,FLSPHN,125351197834,MYA1,,Airlaine,Multiuse,international,,,,
aviacenter#aviacenter,RUB,TripLink,5365546244,20210401,20210401,20210401,20210401,20210401,20210401,RUB,113619.00,113619.00,0,0,0,0,113619.00,113619.00,2,VAN Issued,Authorization Approval (Purchase),success,Virtual Card,FLSPHN,125351197834,MYA1,,Airlaine,Multiuse,international,,,,
aviacenter#aviacenter,RUB,TripLink,4740819207,20210401,20210401,20210401,20210401,20210401,20210401,RUB,113619.00,113619.00,0,0,0,0,113619.00,113619.00,2,VAN Issued,Authorization Approval (Purchase),success,Virtual Card,FLSPHN,125351197834,MYA1,,Airlaine,Multiuse,international,,,,
aviacenter#aviacenter,RUB,TripLink,5875271575,20210331,20210331,20210331,20210331,20210331,20210331,RUB,8315.00,8315.00,0,0,0,0,8315.00,8315.00,2,VAN Issued,Authorization Approval (Purchase),success,Virtual Card,GPZBQ3,125351200011,MYAT,,Airlaine,Multiuse,international,,,,
aviacenter#aviacenter,RUB,TripLink,6773277170,20210401,20210401,20210401,20210401,20210401,20210401,RUB,43760.00,43760.00,0,0,0,0,43760.00,43760.00,2,VAN Issued,Authorization Approval (Purchase),success,Virtual Card,J5ZKGF,125172188427,AKV4,,Airlaine,Multiuse,international,,,,
aviacenter#aviacenter,RUB,TripLink,9748170540,20210401,20210401,20210401,20210401,20210401,20210401,RUB,43760.00,43760.00,0,0,0,0,43760.00,43760.00,2,VAN Issued,Authorization Approval (Purchase),success,Virtual Card,J5ZKGF,125172188427,AKV4,,Airlaine,Multiuse,international,,,,
aviacenter#aviacenter,RUB,TripLink,4016976046,20210331,20210331,20210331,20210331,20210331,20210331,RUB,7277.00,7277.00,0,0,0,0,7277.00,7277.00,2,VAN Issued,Authorization Approval (Purchase),success,Virtual Card,X622SY,125351198763,MYA1,,Airlaine,Multiuse,international,,,,
aviacenter#aviacenter,RUB,TripLink,4891248040,20210331,20210331,20210331,20210331,20210331,20210331,RUB,30608.00,30608.00,0,0,0,0,30608.00,30608.00,2,VAN Issued,Authorization Approval (Purchase),success,Virtual Card,G7XD5P,125351198825,MYA1,,Airlaine,Multiuse,international,,,,
aviacenter#aviacenter,RUB,TripLink,2362810288,20210331,20210331,20210331,20210331,20210331,20210331,RUB,30608.00,30608.00,0,0,0,0,30608.00,30608.00,2,VAN Issued,Authorization Approval (Purchase),success,Virtual Card,G7XD5P,125351198825,MYA1,,Airlaine,Multiuse,international,,,,
aviacenter#aviacenter,RUB,TripLink,1900985335,20210331,20210331,20210331,20210331,20210331,20210331,RUB,105830.00,105830.00,0,0,0,0,105830.00,105830.00,2,VAN Issued,Authorization Approval (Purchase),success,Virtual Card,WTZMTC,125351198471,MYA1,,Airlaine,Multiuse,international,,,,
aviacenter#aviacenter,RUB,TripLink,7719446789,20210331,20210331,20210331,20210331,20210331,20210331,RUB,105830.00,105830.00,0,0,0,0,105830.00,105830.00,2,VAN Issued,Authorization Approval (Purchase),success,Virtual Card,WTZMTC,125351198471,MYA1,,Airlaine,Multiuse,international,,,,
aviacenter#aviacenter,RUB,TripLink,8189236932,20210331,20210331,20210331,20210331,20210331,20210331,RUB,105830.00,105830.00,0,0,0,0,105830.00,105830.00,2,VAN Issued,Authorization Approval (Purchase),success,Virtual Card,WTZMTC,125351198471,MYA1,,Airlaine,Multiuse,international,,,,
aviacenter#aviacenter,RUB,TripLink,2492097645,20210331,20210331,20210331,20210331,20210331,20210331,RUB,13036.00,13036.00,0,0,0,0,13036.00,13036.00,2,VAN Issued,Authorization Approval (Purchase),success,Virtual Card,XJ61T6,125351199700,MYA1,,Airlaine,Multiuse,international,,,,
aviacenter#aviacenter,RUB,TripLink,9497716624,20210330,20210330,20210330,20210330,20210330,20210330,RUB,50627.00,50627.00,0,0,0,0,50627.00,50627.00,2,VAN Issued,Authorization Approval (Purchase),success,Virtual Card,FRNS6H,125172184414,AKV4,,Airlaine,Multiuse,international,,,,
aviacenter#aviacenter,RUB,TripLink,5497373598,20210331,20210331,20210331,20210331,20210331,20210331,RUB,13870.00,13870.00,0,0,0,0,13870.00,13870.00,2,VAN Issued,Authorization Approval (Purchase),success,Virtual Card,GKPRGP,,ACTR,,Airlaine,Multiuse,international,,,,
aviacenter#aviacenter,RUB,TripLink,7886575472,20210331,20210331,20210331,20210331,20210331,20210331,RUB,20396.00,20396.00,0,0,0,0,20396.00,20396.00,2,VAN Issued,Authorization Approval (Purchase),success,Virtual Card,FJVWBJ,125351197309,MYA1,,Airlaine,Multiuse,international,,,,
aviacenter#aviacenter,RUB,TripLink,6483047498,20210331,20210331,20210331,20210331,20210331,20210331,RUB,20396.00,20396.00,0,0,0,0,20396.00,20396.00,2,VAN Issued,Authorization Approval (Purchase),success,Virtual Card,FJVWBJ,125351197309,MYA1,,Airlaine,Multiuse,international,,,,
aviacenter#aviacenter,RUB,TripLink,417166525,20210331,20210331,20210331,20210331,20210331,20210331,RUB,20636.00,20636.00,0,0,0,0,20636.00,20636.00,2,VAN Issued,Authorization Approval (Purchase),success,Virtual Card,GQQK1T,125351200367,MYA1,,Airlaine,Multiuse,international,,,,
aviacenter#aviacenter,RUB,TripLink,9688256636,20210331,20210331,20210331,20210331,20210331,20210331,RUB,20636.00,20636.00,0,0,0,0,20636.00,20636.00,2,VAN Issued,Authorization Approval (Purchase),success,Virtual Card,GQQK1T,125351200367,MYA1,,Airlaine,Multiuse,international,,,,
aviacenter#aviacenter,RUB,TripLink,169110292,20210331,20210331,20210331,20210331,20210331,20210331,RUB,60095.00,60095.00,0,0,0,0,60095.00,60095.00,2,VAN Issued,Authorization Approval (Purchase),success,Virtual Card,FLXSWB,125351197781,MYA1,,Airlaine,Multiuse,international,,,,
aviacenter#aviacenter,RUB,TripLink,6836731746,20210331,20210331,20210331,20210331,20210331,20210331,RUB,47480.00,47480.00,0,0,0,0,47480.00,47480.00,2,VAN Issued,Authorization Approval (Purchase),success,Virtual Card,FD0ZQ1,125351196639,MYAT,,Airlaine,Multiuse,international,,,,
aviacenter#aviacenter,RUB,TripLink,3009034899,20210331,20210331,20210331,20210331,20210331,20210331,RUB,30492.00,30492.00,0,0,0,0,30492.00,30492.00,2,VAN Issued,Authorization Approval (Purchase),success,Virtual Card,XK9K50,125172185819,AKV4,,Airlaine,Multiuse,international,,,,
aviacenter#aviacenter,RUB,TripLink,535124539,20210331,20210331,20210331,20210331,20210331,20210331,RUB,30492.00,30492.00,0,0,0,0,30492.00,30492.00,2,VAN Issued,Authorization Approval (Purchase),success,Virtual Card,XK9K50,125172185819,AKV4,,Airlaine,Multiuse,international,,,,
aviacenter#aviacenter,RUB,TripLink,2987082040,20210330,20210330,20210330,20210330,20210330,20210330,RUB,19020.00,19020.00,0,0,0,0,19020.00,19020.00,2,VAN Issued,Authorization Approval (Purchase),success,Virtual Card,VX156M,125351197260,MYA1,,Airlaine,Multiuse,international,,,,
aviacenter#aviacenter,RUB,TripLink,2922539350,20210330,20210330,20210330,20210330,20210330,20210330,RUB,19020.00,19020.00,0,0,0,0,19020.00,19020.00,2,VAN Issued,Authorization Approval (Purchase),success,Virtual Card,VX156M,125351197260,MYA1,,Airlaine,Multiuse,international,,,,
aviacenter#aviacenter,RUB,TripLink,9242499599,20210331,20210331,20210331,20210331,20210331,20210331,RUB,69654.00,69654.00,0,0,0,0,69654.00,69654.00,2,VAN Issued,Authorization Approval (Purchase),success,Virtual Card,FF8C8N,125351196702,MYA1,,Airlaine,Multiuse,international,,,,
aviacenter#aviacenter,RUB,TripLink,8662034730,20210331,20210331,20210331,20210331,20210331,20210331,RUB,69654.00,69654.00,0,0,0,0,69654.00,69654.00,2,VAN Issued,Authorization Approval (Purchase),success,Virtual Card,FF8C8N,125351196702,MYA1,,Airlaine,Multiuse,international,,,,
aviacenter#aviacenter,RUB,TripLink,4172456021,20210330,20210330,20210330,20210330,20210330,20210330,RUB,38169.00,38169.00,0,0,0,0,38169.00,38169.00,2,VAN Issued,Authorization Approval (Purchase),success,Virtual Card,FVF3HP,125172184551,AKV4,,Airlaine,Multiuse,international,,,,
aviacenter#aviacenter,RUB,TripLink,7236565350,20210331,20210331,20210331,20210331,20210331,20210331,RUB,29522.00,29522.00,0,0,0,0,29522.00,29522.00,2,VAN Issued,Authorization Approval (Purchase),success,Virtual Card,FK8RN5,125351197541,MYA1,,Airlaine,Multiuse,international,,,,
aviacenter#aviacenter,RUB,TripLink,8494349896,20210331,20210331,20210331,20210331,20210331,20210331,RUB,29522.00,29522.00,0,0,0,0,29522.00,29522.00,2,VAN Issued,Authorization Approval (Purchase),success,Virtual Card,FK8RN5,125351197541,MYA1,,Airlaine,Multiuse,international,,,,
aviacenter#aviacenter,RUB,TripLink,3290738615,20210330,20210330,20210330,20210330,20210330,20210330,RUB,51376.00,51376.00,0,0,0,0,51376.00,51376.00,2,VAN Issued,Authorization Approval (Purchase),success,Virtual Card,TQPQJK,125172182035,AKV4,,Airlaine,Multiuse,international,,,,
aviacenter#aviacenter,RUB,TripLink,4340838162,20210401,20210401,20210401,20210401,20210401,20210401,RUB,26396.00,26396.00,0,0,0,0,26396.00,26396.00,2,VAN Issued,Authorization Approval (Purchase),success,Virtual Card,J8JNR5,125351203078,MYA1,,Airlaine,Multiuse,international,,,,
aviacenter#aviacenter,RUB,TripLink,6835499581,20210401,20210401,20210401,20210401,20210401,20210401,RUB,26396.00,26396.00,0,0,0,0,26396.00,26396.00,2,VAN Issued,Authorization Approval (Purchase),success,Virtual Card,J8JNR5,125351203078,MYA1,,Airlaine,Multiuse,international,,,,
aviacenter#aviacenter,RUB,TripLink,9255547437,20210331,20210331,20210331,20210331,20210331,20210331,RUB,34001.00,34001.00,0,0,0,0,34001.00,34001.00,2,VAN Issued,Authorization Approval (Purchase),success,Virtual Card,XC2QZW,125351199188,MYA1,,Airlaine,Multiuse,international,,,,
aviacenter#aviacenter,RUB,TripLink,1762850137,20210331,20210331,20210331,20210331,20210331,20210331,RUB,34001.00,34001.00,0,0,0,0,34001.00,34001.00,2,VAN Issued,Authorization Approval (Purchase),success,Virtual Card,XC2QZW,125351199188,MYA1,,Airlaine,Multiuse,international,,,,
aviacenter#aviacenter,RUB,TripLink,2967444091,20210331,20210331,20210331,20210331,20210331,20210331,RUB,34001.00,34001.00,0,0,0,0,34001.00,34001.00,2,VAN Issued,Authorization Approval (Purchase),success,Virtual Card,XC2QZW,125351199188,MYA1,,Airlaine,Multiuse,international,,,,
aviacenter#aviacenter,RUB,TripLink,4112111190,20210331,20210331,20210331,20210331,20210331,20210331,RUB,34001.00,34001.00,0,0,0,0,34001.00,34001.00,2,VAN Issued,Authorization Approval (Purchase),success,Virtual Card,XC2QZW,125351199188,MYA1,,Airlaine,Multiuse,international,,,,
aviacenter#aviacenter,RUB,TripLink,8731074042,20210401,20210401,20210401,20210401,20210401,20210401,RUB,65220.00,65220.00,0,0,0,0,65220.00,65220.00,2,VAN Issued,Authorization Approval (Purchase),success,Virtual Card,HMSZJN,125172187831,AKV4,,Airlaine,Multiuse,international,,,,
aviacenter#aviacenter,RUB,TripLink,8951910510,20210401,20210401,20210401,20210401,20210401,20210401,RUB,65220.00,65220.00,0,0,0,0,65220.00,65220.00,2,VAN Issued,Authorization Approval (Purchase),success,Virtual Card,HMSZJN,125172187831,AKV4,,Airlaine,Multiuse,international,,,,
aviacenter#aviacenter,RUB,TripLink,8037911632,20210401,20210401,20210401,20210401,20210401,20210401,RUB,65220.00,65220.00,0,0,0,0,65220.00,65220.00,2,VAN Issued,Authorization Approval (Purchase),success,Virtual Card,HMSZJN,125172187831,AKV4,,Airlaine,Multiuse,international,,,,
aviacenter#aviacenter,RUB,TripLink,6377851125,20210401,20210401,20210401,20210401,20210401,20210401,RUB,65220.00,65220.00,0,0,0,0,65220.00,65220.00,2,VAN Issued,Authorization Approval (Purchase),success,Virtual Card,HMSZJN,125172187831,AKV4,,Airlaine,Multiuse,international,,,,
aviacenter#aviacenter,RUB,TripLink,171497151,20210401,20210401,20210401,20210401,20210401,20210401,RUB,65220.00,65220.00,0,0,0,0,65220.00,65220.00,2,VAN Issued,Authorization Approval (Purchase),success,Virtual Card,HMSZJN,125172187831,AKV4,,Airlaine,Multiuse,international,,,,
aviacenter#aviacenter,RUB,TripLink,9887965941,20210401,20210401,20210401,20210401,20210401,20210401,RUB,65220.00,65220.00,0,0,0,0,65220.00,65220.00,2,VAN Issued,Authorization Approval (Purchase),success,Virtual Card,HMSZJN,125172187831,AKV4,,Airlaine,Multiuse,international,,,,
aviacenter#aviacenter,RUB,TripLink,4717338702,20210331,20210331,20210331,20210331,20210331,20210331,RUB,8056.00,8056.00,0,0,0,0,8056.00,8056.00,2,VAN Issued,Authorization Approval (Purchase),success,Virtual Card,GR4T8R,125172186134,AKV4,,Airlaine,Multiuse,international,,,,
aviacenter#aviacenter,RUB,TripLink,6679610872,20210401,20210401,20210401,20210401,20210401,20210401,RUB,27151.00,27151.00,0,0,0,0,27151.00,27151.00,2,VAN Issued,Authorization Approval (Purchase),success,Virtual Card,XPDR12,12518606213,AKV4,,Airlaine,Multiuse,international,,,,
aviacenter#aviacenter,RUB,TripLink,1277302287,20210331,20210331,20210331,20210331,20210331,20210331,RUB,18738.00,18738.00,0,0,0,0,18738.00,18738.00,2,VAN Issued,Authorization Approval (Purchase),success,Virtual Card,XN7QJ8,125172186187,AKV4,,Airlaine,Multiuse,international,,,,
aviacenter#aviacenter,RUB,TripLink,1136558643,20210331,20210331,20210331,20210331,20210331,20210331,RUB,18738.00,18738.00,0,0,0,0,18738.00,18738.00,2,VAN Issued,Authorization Approval (Purchase),success,Virtual Card,XN7QJ8,125172186187,AKV4,,Airlaine,Multiuse,international,,,,
aviacenter#aviacenter,RUB,TripLink,1238485047,20210401,20210401,20210401,20210401,20210401,20210401,RUB,95130.00,95130.00,0,0,0,0,95130.00,95130.00,2,VAN Issued,Authorization Approval (Purchase),success,Virtual Card,HPW05D,12518607248,AKV4,,Airlaine,Multiuse,international,,,,
aviacenter#aviacenter,RUB,TripLink,3894849424,20210401,20210401,20210401,20210401,20210401,20210401,RUB,95130.00,95130.00,0,0,0,0,95130.00,95130.00,2,VAN Issued,Authorization Approval (Purchase),success,Virtual Card,HPW05D,12518607248,AKV4,,Airlaine,Multiuse,international,,,,
aviacenter#aviacenter,RUB,TripLink,7445235519,20210401,20210401,20210401,20210401,20210401,20210401,RUB,4319.00,4319.00,0,0,0,0,4319.00,4319.00,2,VAN Issued,Authorization Approval (Purchase),success,Virtual Card,HSVL0R,12530282485,ABOL,,Airlaine,Multiuse,international,,,,
aviacenter#aviacenter,RUB,TripLink,1558297549,20210401,20210401,20210401,20210401,20210401,20210401,RUB,7027.00,7027.00,0,0,0,0,7027.00,7027.00,2,VAN Issued,Authorization Approval (Purchase),success,Virtual Card,HKQ1RZ,125351201790,MYA1,,Airlaine,Multiuse,international,,,,
aviacenter#aviacenter,RUB,TripLink,1955377111,20210331,20210331,20210331,20210331,20210331,20210331,RUB,10265.00,10265.00,0,0,0,0,10265.00,10265.00,2,VAN Issued,Authorization Approval (Purchase),success,Virtual Card,XDLMBQ,125351199417,MYA1,,Airlaine,Multiuse,international,,,,
aviacenter#aviacenter,RUB,TripLink,9919837635,20210401,20210401,20210401,20210401,20210401,20210401,RUB,153010.00,153010.00,0,0,0,0,153010.00,153010.00,2,VAN Issued,Authorization Approval (Purchase),success,Virtual Card,HSRJJL,125351202918,MYA1,,Airlaine,Multiuse,international,,,,
aviacenter#aviacenter,RUB,TripLink,852643958,20210401,20210401,20210401,20210401,20210401,20210401,RUB,153010.00,153010.00,0,0,0,0,153010.00,153010.00,2,VAN Issued,Authorization Approval (Purchase),success,Virtual Card,HSRJJL,125351202918,MYA1,,Airlaine,Multiuse,international,,,,
aviacenter#aviacenter,RUB,TripLink,6815377780,20210401,20210401,20210401,20210401,20210401,20210401,RUB,153010.00,153010.00,0,0,0,0,153010.00,153010.00,2,VAN Issued,Authorization Approval (Purchase),success,Virtual Card,HSRJJL,125351202918,MYA1,,Airlaine,Multiuse,international,,,,
aviacenter#aviacenter,RUB,TripLink,2900213074,20210401,20210401,20210401,20210401,20210401,20210401,RUB,153010.00,153010.00,0,0,0,0,153010.00,153010.00,2,VAN Issued,Authorization Approval (Purchase),success,Virtual Card,HSRJJL,125351202918,MYA1,,Airlaine,Multiuse,international,,,,
aviacenter#aviacenter,RUB,TripLink,353010957,20210331,20210331,20210331,20210331,20210331,20210331,RUB,21034.00,21034.00,0,0,0,0,21034.00,21034.00,2,VAN Issued,Authorization Approval (Purchase),success,Virtual Card,XF7RHW,125172185633,AKV4,,Airlaine,Multiuse,international,,,,
aviacenter#aviacenter,RUB,TripLink,9557003639,20210331,20210331,20210331,20210331,20210331,20210331,RUB,21034.00,21034.00,0,0,0,0,21034.00,21034.00,2,VAN Issued,Authorization Approval (Purchase),success,Virtual Card,XF7RHW,125172185633,AKV4,,Airlaine,Multiuse,international,,,,
aviacenter#aviacenter,RUB,TripLink,9025306881,20210401,20210401,20210401,20210401,20210401,20210401,RUB,42221.00,42221.00,0,0,0,0,42221.00,42221.00,2,VAN Issued,Authorization Approval (Purchase),success,Virtual Card,VXZD52,125351197398,MYA1,,Airlaine,Multiuse,international,,,,
aviacenter#aviacenter,RUB,TripLink,9515747343,20210331,20210331,20210331,20210331,20210331,20210331,RUB,22821.00,22821.00,0,0,0,0,22821.00,22821.00,2,VAN Issued,Authorization Approval (Purchase),success,Virtual Card,XPJS8C,125351200332,MYA1,,Airlaine,Multiuse,international,,,,
aviacenter#aviacenter,RUB,TripLink,1425538784,20210331,20210331,20210331,20210331,20210331,20210331,RUB,22821.00,22821.00,0,0,0,0,22821.00,22821.00,2,VAN Issued,Authorization Approval (Purchase),success,Virtual Card,XPJS8C,125351200332,MYA1,,Airlaine,Multiuse,international,,,,
aviacenter#aviacenter,RUB,TripLink,9997550181,20210401,20210401,20210401,20210401,20210401,20210401,RUB,5566.00,5566.00,0,0,0,0,5566.00,5566.00,2,VAN Issued,Authorization Approval (Purchase),success,Virtual Card,ZPLHRC,125351201386,MYA1,,Airlaine,Multiuse,international,,,,
aviacenter#aviacenter,RUB,TripLink,6552843326,20210401,20210401,20210401,20210401,20210401,20210401,RUB,95262.00,95262.00,0,0,0,0,95262.00,95262.00,2,VAN Issued,Authorization Approval (Purchase),success,Virtual Card,XS042K,125351200571,MYA1,,Airlaine,Multiuse,international,,,,
aviacenter#aviacenter,RUB,TripLink,164532040,20210401,20210401,20210401,20210401,20210401,20210401,RUB,95262.00,95262.00,0,0,0,0,95262.00,95262.00,2,VAN Issued,Authorization Approval (Purchase),success,Virtual Card,XS042K,125351200571,MYA1,,Airlaine,Multiuse,international,,,,
aviacenter#aviacenter,RUB,TripLink,2414210111,20210331,20210331,20210331,20210331,20210331,20210331,RUB,12098.00,12098.00,0,0,0,0,12098.00,12098.00,2,VAN Issued,Authorization Approval (Purchase),success,Virtual Card,G6Q4TP,125351198551,MYA1,,Airlaine,Multiuse,international,,,,
aviacenter#aviacenter,RUB,TripLink,8730777111,20210331,20210331,20210331,20210331,20210331,20210331,RUB,44969.00,44969.00,0,0,0,0,44969.00,44969.00,2,VAN Issued,Authorization Approval (Purchase),success,Virtual Card,XPXMJ0,125172186221,AKV4,,Airlaine,Multiuse,international,,,,
aviacenter#aviacenter,RUB,TripLink,5669119072,20210331,20210331,20210331,20210331,20210331,20210331,RUB,22237.00,22237.00,0,0,0,0,22237.00,22237.00,2,VAN Issued,Authorization Approval (Purchase),success,Virtual Card,GK5R2B,125172185454,AKV4,,Airlaine,Multiuse,international,,,,
aviacenter#aviacenter,RUB,TripLink,9934567503,20210331,20210331,20210331,20210331,20210331,20210331,RUB,30651.00,30651.00,0,0,0,0,30651.00,30651.00,2,VAN Issued,Authorization Approval (Purchase),success,Virtual Card,FHV55P,125351197407,MYA1,,Airlaine,Multiuse,international,,,,
aviacenter#aviacenter,RUB,TripLink,1056475079,20210331,20210331,20210331,20210331,20210331,20210331,RUB,30651.00,30651.00,0,0,0,0,30651.00,30651.00,2,VAN Issued,Authorization Approval (Purchase),success,Virtual Card,FHV55P,125351197407,MYA1,,Airlaine,Multiuse,international,,,,
aviacenter#aviacenter,RUB,TripLink,8266971155,20210331,20210331,20210331,20210331,20210331,20210331,RUB,30651.00,30651.00,0,0,0,0,30651.00,30651.00,2,VAN Issued,Authorization Approval (Purchase),success,Virtual Card,FHV55P,125351197407,MYA1,,Airlaine,Multiuse,international,,,,
aviacenter#aviacenter,RUB,TripLink,9913922320,20210331,20210331,20210331,20210331,20210331,20210331,RUB,5787.00,5787.00,0,0,0,0,5787.00,5787.00,2,VAN Issued,Authorization Approval (Purchase),success,Virtual Card,XL3490,125172185976,AKV4,,Airlaine,Multiuse,international,,,,
aviacenter#aviacenter,RUB,TripLink,2849159455,20210401,20210401,20210401,20210401,20210401,20210401,RUB,14365.00,14365.00,0,0,0,0,14365.00,14365.00,2,VAN Issued,Authorization Approval (Purchase),success,Virtual Card,W0847A,125351197461,MYA1,,Airlaine,Multiuse,international,,,,
aviacenter#aviacenter,RUB,TripLink,6381864323,20210331,20210331,20210331,20210331,20210331,20210331,RUB,24055.00,24055.00,0,0,0,0,24055.00,24055.00,2,VAN Issued,Authorization Approval (Purchase),success,Virtual Card,XHQKHC,125351199704,MYA1,,Airlaine,Multiuse,international,,,,
aviacenter#aviacenter,RUB,TripLink,3967018886,20210401,20210401,20210401,20210401,20210401,20210401,RUB,88924.00,88924.00,0,0,0,0,88924.00,88924.00,2,VAN Issued,Authorization Approval (Purchase),success,Virtual Card,J82T8P,125172188543,AKV4,,Airlaine,Multiuse,international,,,,
aviacenter#aviacenter,RUB,TripLink,6040677932,20210401,20210401,20210401,20210401,20210401,20210401,RUB,88924.00,88924.00,0,0,0,0,88924.00,88924.00,2,VAN Issued,Authorization Approval (Purchase),success,Virtual Card,J82T8P,125172188543,AKV4,,Airlaine,Multiuse,international,,,,
aviacenter#aviacenter,RUB,TripLink,1182941958,20210331,20210331,20210331,20210331,20210331,20210331,RUB,72353.00,72353.00,0,0,0,0,72353.00,72353.00,2,VAN Issued,Authorization Approval (Purchase),success,Virtual Card,XGSWXC,125351199676,MYA1,,Airlaine,Multiuse,international,,,,
aviacenter#aviacenter,RUB,TripLink,5321687403,20210331,20210331,20210331,20210331,20210331,20210331,RUB,72353.00,72353.00,0,0,0,0,72353.00,72353.00,2,VAN Issued,Authorization Approval (Purchase),success,Virtual Card,XGSWXC,125351199676,MYA1,,Airlaine,Multiuse,international,,,,
aviacenter#aviacenter,RUB,TripLink,5662248739,20210331,20210331,20210331,20210331,20210331,20210331,RUB,72353.00,72353.00,0,0,0,0,72353.00,72353.00,2,VAN Issued,Authorization Approval (Purchase),success,Virtual Card,XGSWXC,125351199676,MYA1,,Airlaine,Multiuse,international,,,,
aviacenter#aviacenter,RUB,TripLink,7564204928,20210331,20210331,20210331,20210331,20210331,20210331,RUB,72353.00,72353.00,0,0,0,0,72353.00,72353.00,2,VAN Issued,Authorization Approval (Purchase),success,Virtual Card,XGSWXC,125351199676,MYA1,,Airlaine,Multiuse,international,,,,
aviacenter#aviacenter,RUB,TripLink,3150066633,20210331,20210331,20210331,20210331,20210331,20210331,RUB,72353.00,72353.00,0,0,0,0,72353.00,72353.00,2,VAN Issued,Authorization Approval (Purchase),success,Virtual Card,XGSWXC,125351199676,MYA1,,Airlaine,Multiuse,international,,,,
aviacenter#aviacenter,RUB,TripLink,1888898613,20210401,20210401,20210401,20210401,20210401,20210401,RUB,21312.00,21312.00,0,0,0,0,21312.00,21312.00,2,VAN Issued,Authorization Approval (Purchase),success,Virtual Card,HBL0FZ,125351201270,MYA1,,Airlaine,Multiuse,international,,,,
aviacenter#aviacenter,RUB,TripLink,4812400637,20210401,20210401,20210401,20210401,20210401,20210401,RUB,21312.00,21312.00,0,0,0,0,21312.00,21312.00,2,VAN Issued,Authorization Approval (Purchase),success,Virtual Card,HBL0FZ,125351201270,MYA1,,Airlaine,Multiuse,international,,,,
aviacenter#aviacenter,RUB,TripLink,6390525039,20210331,20210331,20210331,20210331,20210331,20210331,RUB,79331.00,79331.00,0,0,0,0,79331.00,79331.00,2,VAN Issued,Authorization Approval (Purchase),success,Virtual Card,GGSJ0R,125351199154,MYA1,,Airlaine,Multiuse,international,,,,
aviacenter#aviacenter,RUB,TripLink,784656547,20210331,20210331,20210331,20210331,20210331,20210331,RUB,79331.00,79331.00,0,0,0,0,79331.00,79331.00,2,VAN Issued,Authorization Approval (Purchase),success,Virtual Card,GGSJ0R,125351199154,MYA1,,Airlaine,Multiuse,international,,,,
aviacenter#aviacenter,RUB,TripLink,3569758149,20210331,20210331,20210331,20210331,20210331,20210331,RUB,79331.00,79331.00,0,0,0,0,79331.00,79331.00,2,VAN Issued,Authorization Approval (Purchase),success,Virtual Card,GGSJ0R,125351199154,MYA1,,Airlaine,Multiuse,international,,,,
